Tahun,Bulan,ff4_hf,sp500_hf,BIRate,1ybond,LnIHSG,LnIPI,LnIHK
2005,8,-0.01,0.21427,8.75,13.532,695.6631154,456.452829,393.6688301
2005,9,0.0325,-0.15015,10,13.951,698.4049431,456.532339,394.3492602
2005,10,0,0,11,13.161,697.1874962,455.678281,402.6975907
2005,11,-0.0025,0.2192,12.25,13.149,700.0006239,439.541847,404.0034969
2005,12,-0.005,0.52662,12.75,12.809,705.8439959,444.575049,403.9595127
2006,1,0.02,-0.22803,12.75,12.884,711.6653851,442.995094,405.3034254
2006,2,0,0,12.75,12.166,711.530589,441.952275,405.8877821
2006,3,0.0275,-0.62108,12.75,11.836,718.7634488,443.267723,405.9201551
2006,4,0,0,12.75,11.845,728.920771,443.430944,405.9632855
2006,5,0.035,-0.19309,12.5,12.071,719.2934221,447.305262,406.3399326
2006,6,-0.03,0.54151,12.5,12.132,717.798087,451.060247,406.7900479
2006,7,0,0,12.25,11.553,720.9081347,453.473799,407.2381463
2006,8,-0.04,-0.2469,11.75,11.59,726.6310454,453.522956,407.5569916
2006,9,0,-0.26777,11.25,10.37,733.6038072,457.882271,407.938252
2006,10,-0.005,-0.07474,10.75,9.458,736.6843299,446.148065,408.8013396
2006,11,0,0,10.25,8.424,744.9474736,452.791315,409.1361283
2006,12,-0.01,0.26109,9.75,9.318,749.8603918,454.824951,410.3507785
2007,1,0,0.4816,9.5,8.006,747.1511057,451.219623,411.3773754
2007,2,0,0,9.25,8.383,746.2197708,445.457919,411.9984693
2007,3,-0.015,0.81634,9,7.741,751.2573852,452.162278,412.2316507
2007,4,0,0,9,8.188,760.0487373,452.270157,412.0694987
2007,5,0.01,-0.13457,8.75,7.763,764.2197942,453.686635,412.1708725
2007,6,0,-0.27362,8.5,7.671,766.8224603,455.99841,412.4036527
2007,7,0,0,8.25,7.778,776.1604489,458.101586,413.1188414
2007,8,-0.025,-1.25388,8.25,7.675,769.3636597,458.359449,413.8588535
2007,9,-0.1575,1.32029,8.25,7.579,776.6082096,460.276342,414.6626243
2007,10,0.0225,-0.41526,8.25,7.537,787.9855293,451.604431,415.4501781
2007,11,0,0,8.25,8.123,789.6675462,457.252992,415.6363192
2007,12,0.03,-1.76769,8,7.587,791.7838676,458.070285,416.7265664
2008,1,-0.2425,0.81482,8,7.853,787.3692951,456.897274,418.4827656
2008,2,0,0,8,8.513,790.910014,454.509149,419.1370088
2008,3,0.1575,0.47764,8,9.469,780.2740655,454.598322,420.0870249
2008,4,-0.065,0.16293,8,11.026,774.2627691,455.742389,420.6564597
2008,5,0,0,8.25,11.614,780.1534518,457.638895,422.0522337
2008,6,-0.04,0.03392,8.5,10.7,776.1791812,458.328229,423.0932487
2008,7,0,0,8.75,9.045,774.2623351,460.841272,424.4556639
2008,8,-0.03,0.13432,9,10.543,768.0609726,461.198429,424.9651573
2008,9,0.1125,-0.62947,9.25,12.01,751.3441891,459.453798,425.932284
2008,10,-0.09,-1.12724,9.5,14.804,713.6244517,457.505179,426.3816133
2008,11,-0.0025,1.64061,9.5,13.968,712.4107824,457.890112,426.5045949
2008,12,-0.18,1.59331,9.25,11.545,721.1859271,456.150112,426.4694747
2009,1,0,-0.1973,8.75,10.495,719.4939728,455.212267,426.3991974
2009,2,0,0,8.25,11.974,715.8887468,455.381247,426.6098955
2009,3,-0.0125,1.80819,7.75,10.091,726.8271834,455.982427,426.8289186
2009,4,0,0.62292,7.5,8.938,745.168874,456.166068,426.5221574
2009,5,0,0,7.25,8.088,755.8428059,457.788131,426.5660361
2009,6,0.005,-0.6802,7,7.314,761.4203606,458.888716,426.680039
2009,7,0,0,6.75,7.022,775.0718042,460.605001,427.1260144
2009,8,0,-0.26438,6.5,7.891,775.8564112,461.871272,427.6828745
2009,9,-0.015,0.52867,6.5,6.846,781.0997245,459.276103,428.7273
2009,10,0,0,6.5,7.147,776.9674299,462.104574,428.9160241
2009,11,-0.0125,0.08621,6.5,6.216,778.9802332,461.622319,428.8903025
2009,12,-0.0025,-0.05211,6.5,7.823,783.7696419,460.902155,429.2155399
2010,1,0.005,0.09656,6.5,7.1,786.7411967,457.047522,430.0494402
2010,2,0,0,6.5,6.85,784.3468174,457.759342,430.3624861
2010,3,-0.0075,0.19305,6.5,6.75,792.9234512,461.877719,430.2018676
2010,4,-0.005,0.16698,6.5,6.6,799.6738019,461.946749,430.3540496
2010,5,-0.005,0,6.5,6.65,793.6288392,461.412993,430.6408696
2010,6,-0.0025,0.34692,6.5,6.2,797.7172166,465.129012,431.6049479
2010,7,0,0,6.5,5.95,802.9198285,461.442721,433.161269
2010,8,0.005,0.68052,6.5,5.843,803.3295079,461.630793,433.922299
2010,9,0,0.59361,6.5,5.743,816.0889607,452.52608,434.3615404
2010,10,0,0,6.5,5.868,819.8452419,461.284069,434.4264407
2010,11,0.005,-0.30103,6.5,5.86,816.9395867,462.222394,435.0248646
2010,12,0,0.01285,6.5,5.79,821.7036298,461.343593,435.93979
2011,1,0,-0.08019,6.5,6.626,813.4224139,462.163391,436.8305935
2011,2,0,0,6.75,5.475,815.2010732,458.557954,436.965125
2011,3,0,0.27359,6.75,5.726,821.0306553,466.211747,436.640373
2011,4,0,0.1752,6.75,5.94,824.790622,462.683383,436.3304973
2011,5,0,0,6.75,6.157,825.2438272,465.994242,436.44979
2011,6,0,0.10646,6.75,6.162,826.579676,467.497606,436.9967338
2011,7,0,0,6.75,6.549,832.6226372,469.546782,437.6664409
2011,8,0.0025,-0.87788,6.75,4.269,825.3678065,463.569939,438.5965243
2011,9,0.02,-0.609,6.75,5.834,817.4429606,464.554408,438.8684422
2011,10,0,0,6.5,5.779,824.0345547,467.832771,438.7520018
2011,11,0.005,-0.13996,6,5.653,822.0155491,461.857987,439.0931989
2011,12,0,-0.81154,6,4.165,824.8526508,463.366046,439.6567034
2012,1,-0.0025,0.30319,6,2.944,827.9364844,463.239617,440.4158777
2012,2,0,0,5.75,4.062,829.0345287,465.994242,440.4617039
2012,3,0,0.02241,5.75,4.336,832.3984585,462.947248,440.5303978
2012,4,0,-0.0166,5.75,4.203,833.8241151,463.841152,440.7362211
2012,5,0,0,5.75,4.559,825.1356104,468.499749,440.8047389
2012,6,0.01,-0.02733,5.75,4.492,828.2882519,469.856945,441.4268001
2012,7,0,0,5.75,4.851,832.9016125,471.321709,442.1276554
2012,8,0.01,-0.1668,5.75,5.466,830.901953,461.293992,443.0768702
2012,9,0.015,0.61107,5.75,4.893,835.7625198,469.692861,443.0917508
2012,10,0,-0.00141,5.75,4.944,837.7997789,477.212427,443.2552435
2012,11,0,0,5.75,5.243,836.0806012,473.733815,443.3220574
2012,12,0,0.39349,5.75,5.387,837.0244184,473.725053,443.8623036
2013,1,0,-0.07702,5.75,4.821,840.149049,473.540866,444.4618732
2013,2,0,0,5.75,4.525,847.5493729,472.12629,445.1614496
2013,3,0,0.10916,5.75,4.477,850.5320995,472.366408,445.634762
2013,4,0,0,5.75,4.464,852.3984081,473.725053,445.682933
2013,5,0.0025,0.14053,5.75,4.735,853.0825843,475.169184,445.7792054
2013,6,0.005,-0.06366,6,6.403,848.0300965,473.039215,446.7940535
2013,7,0,-0.03255,6.5,7.061,843.6065562,474.736395,449.768987
2013,8,0,0,6.5,7.605,834.1670073,473.065681,450.7534975
2013,9,0,1.00779,7.25,7.28,837.0126031,475.668883,450.5059753
2013,10,0,-0.29372,7.25,6.408,841.4192112,477.110826,450.6893741
2013,11,0,0,7.5,7.63,835.6188409,475.531284,450.8541547
2013,12,0,0.7595,7.5,7.24,836.034755,476.524613,451.3013339
2014,1,0,-0.40308,7.5,7.237,839.3614393,476.490524,452.3610829
2014,2,0,0,7.5,7.229,843.8197602,475.874927,452.6220264
2014,3,0,-0.20472,7.5,7.084,846.9740932,476.046307,452.7028736
2014,4,0,0.01755,7.5,6.743,848.4700991,476.430841,452.684912
2014,5,0,0,7.5,7.045,849.5746854,478.882419,452.8464396
2014,6,0,0.31782,7.5,6.892,849.2609473,478.93234,453.2758835
2014,7,0,0.39686,7.5,6.865,853.4797325,476.260119,454.2000967
2014,8,0,0,7.5,7.131,854.4197277,478.857449,454.6678095
2014,9,0,0.24878,7.5,7.431,854.433743,484.999695,454.9403744
2014,10,0.005,-0.29393,7.5,7.332,853.4944697,482.326099,455.4046561
2014,11,0,0,7.75,7.206,854.6730634,480.180548,456.8967091
2014,12,-0.005,0.74124,7.75,7.39,856.1583213,482.783362,459.3294245
2015,1,0.005,-0.25168,7.75,6.462,857.3460097,481.486369,459.0854301
2015,2,0,0,7.5,6.599,860.3424097,478.473795,458.7225438
2015,3,-0.02,1.42474,7.5,6.617,861.5892168,483.198698,458.8914881
2015,4,0,0.09256,7.5,7.002,853.4329522,484.505285,459.253763
2015,5,0,0,7.5,7.365,855.9558954,481.242823,459.7487046
2015,6,-0.02,0.33272,7.5,7.365,849.9163631,483.834327,460.2828446
2015,7,-0.005,0.12738,7.5,7.404,847.6898141,480.574088,461.2108063
2015,8,0,0,7.5,7.664,841.3965954,484.426582,461.5976586
2015,9,-0.0525,0.14133,7.5,8.819,834.8516518,486.991623,461.5482827
2015,10,0.025,-0.6055,7.5,8.457,840.1822743,488.333209,461.4661005
2015,11,0,0,7.5,7.919,839.9863553,486.576365,461.6715284
2015,12,0.015,0.13922,7.5,8.106,843.2290862,484.292645,462.6273927
2016,1,-0.015,-0.36597,7.25,7.778,843.7101816,484.024231,463.1382619
2016,2,0,0,7,7.233,847.0302821,485.59289,463.0492844
2016,3,-0.0525,0.26709,6.75,6.971,848.5778889,485.725099,463.2434124
2016,4,0.005,0.24476,6.75,6.839,848.4376568,484.638938,462.789892
2016,5,0,0,6.75,6.725,847.5718901,488.045068,463.0250041
2016,6,-0.03,-0.04467,6.5,6.92,852.0517659,491.485834,463.6788032
2016,7,0,0.21188,6.5,6.439,855.9484186,488.982267,464.3683919
2016,8,0,0,5.25,6.503,859.1573127,490.319855,464.3524177
2016,9,-0.025,0.29354,5,6.263,858.7614376,487.037656,464.5759193
2016,10,0,0,4.75,6.327,859.8319619,488.393764,464.7193698
2016,11,0.01,0.06189,4.75,7.392,854.6540321,488.597869,465.1880093
2016,12,0.0125,-0.24159,4.75,7.463,857.4841152,488.484529,465.6071454
2017,1,0,0,4.75,6.706,857.4348272,487.412805,466.5731747
2017,2,-0.0175,0.16147,4.75,6.675,859.1686375,489.297725,466.807456
2017,3,-0.02,0.28177,4.75,6.469,862.4810958,491.68373,466.7918668
2017,4,0,0,4.75,6.211,864.5639175,490.84549,466.8775772
2017,5,0.0075,0.03859,4.75,6.244,865.4892138,494.470914,467.2664335
2017,6,0.015,-0.0406,4.75,5.914,867.0722535,490.364382,467.9549193
2017,7,-0.01,0.02098,4.75,6.032,867.2647022,492.790565,468.170521
2017,8,0,0,4.5,5.597,867.6597475,495.031896,468.101301
2017,9,0.02,-0.14615,4.25,5.767,868.2851687,494.470914,468.2320098
2017,10,0,0,4.25,5.545,870.0477618,494.591898,468.2396933
2017,11,0,0.08571,4.25,5.268,869.1506098,493.447393,468.4393481
2017,12,0,0.07573,4.25,5.407,875.709946,492.420557,469.1502916
2018,1,0.005,-0.10361,4.25,5.179,879.5677595,495.582706,469.7730224
2018,2,0,0,4.25,5.137,879.4403627,494.698527,469.9394322
2018,3,-0.005,0.3479,4.25,5.317,873.0527186,493.80646,470.1357254
2018,4,0,0,4.25,5.925,869.8614343,497.127057,470.2336823
2018,5,0,0.1428,4.5,6.523,869.6776001,499.815777,470.4444317
2018,6,0.0025,-0.13533,5.25,7.042,866.5482153,482.97527,471.0292973
2018,7,0,0,5.25,6.676,868.8864906,497.168654,471.3054614
2018,8,0,0.02134,5.5,6.929,870.2586692,498.900299,471.2532896
2018,9,0.01,0.22624,5.75,7.437,869.5598757,497.542254,471.0741179
2018,10,0,0,5.75,6.786,867.1055258,499.755005,471.3501584
2018,11,0,0.09441,6,6.328,870.882461,498.538586,471.6181009
2018,12,0.02,-0.94125,6,5.875,873.1417081,497.700957,472.2329916
2019,1,-0.005,0.77383,6,6.373,878.4616943,500.367781,472.5574672
2019,2,0,0,6,7.043,877.080387,495.265301,472.4764913
2019,3,-0.005,0.50599,6,6.658,877.4738169,501.429525,472.5868967
2019,4,0,0,6,6.525,877.2664523,500.314061,473.027568
2019,5,-0.04,0.20476,6,6.533,873.3774458,503.708246,473.7067369
2019,6,-0.035,0.23767,6,6.542,875.7568224,486.545537,474.2583285
2019,7,0.045,-0.13745,5.75,6.215,876.2567792,501.668363,474.5690971
2019,8,0,0,5.5,6.227,875.281378,502.795117,474.6844212
2019,9,0.015,-0.37358,5.25,5.937,872.7308239,501.926462,474.4102219
2019,10,0.015,0.34921,5,5.674,873.6861912,506.259503,474.4318897
2019,11,0,0,5,5.255,870.1484474,501.714738,474.5763087
2019,12,-0.005,0.16766,5,5.065,874.8231894,498.559095,474.9148445
2020,1,0.01,0.02827,5,4.966,868.947283,501.409597,475.2019993
2020,2,0,0,4.75,4.869,860.3866178,498.003862,475.479636
2020,3,-0.155,0.40043,4.5,5.849,842.044658,500.018084,475.5751647
2020,4,-0.02,-0.18878,4.5,5.696,845.8801076,481.169643,475.6515219
2020,5,0,0,4.5,5.197,846.6659608,464.458319,475.7182868
2020,6,0,0.59258,4.25,4.891,849.808988,478.998862,475.8992812
2020,7,0,0.06893,4,4.445,854.6680146,486.298566,475.7945349
2020,8,0,0,4,3.998,856.3788568,486.027741,475.7468866
2020,9,0,0.40618,4,3.895,849.085743,491.976192,475.6992156
2020,10,0,0,4,4.159,854.2515849,493.209701,475.7659486
2020,11,0,0.0341,3.75,3.928,863.2737278,493.260168,476.0419405
2020,12,0,-0.16237,3.75,4.239,869.6020316,493.310609,476.4877116
2021,1,0.005,-0.34152,3.75,4.237,867.6305826,493.159209,476.7428482
2021,2,0,0,3.5,4.004,873.9023881,490.431135,476.8466064
2021,3,-0.005,0.53485,3.5,3.814,869.7098498,500.589072,476.9314194
2021,4,-0.005,0.05755,3.5,3.792,869.8784482,498.866231,477.0632928
2021,5,0,0,3.5,3.571,869.0719517,486.822652,477.3826294
2021,6,0.01,-0.49477,3.5,3.483,869.7093486,499.355695,477.2230886
2021,7,0,0.18406,3.5,3.612,871.1120474,495.730484,477.2981984
2021,8,0,0,3.5,2.984,872.425614,498.483874,477.32635
2021,9,0,0.37317,3.5,3.285,874.6229745,499.138451,477.2888127
2021,10,0,0,3.5,3.842,879.3513462,498.271581,477.4107573
2021,11,0.0025,0.23372,3.5,3.744,878.4763879,500.582374,477.7757014
2021,12,0.0075,0.62031,3.5,3.682,879.2014923,498.531749,478.3439376
2022,1,-0.005,-0.2151,3.5,3.465,879.9533522,496.200512,478.8997276
2022,2,0,0,3.5,3.388,883.7560726,490.052276,478.8812537
2022,3,0.02,-0.74763,3.5,3.589,886.3819416,503.252724,479.5349953
2022,4,0,0,3.5,4.382,888.5843543,500.488546,480.4760116
2022,5,-0.02,-0.14965,3.5,3.989,887.4723569,488.658265,480.8752457
2022,6,0.205,-0.57809,3.5,4.472,884.0953545,501.847118,481.4802064
2022,7,-0.02,0.05081,3.5,4.57,884.6658077,501.75447,482.1173104
2022,8,0,0,3.75,4.516,887.8858264,506.777149,481.9113141
2022,9,0.04,-1.35205,4.25,5.381,885.9477079,505.611841,483.0698092
2022,10,0,0,4.75,5.548,886.7693713,505.739165,482.9634465
2022,11,-0.065,0.70408,5.25,6.122,886.5214198,504.051767,483.05209
2022,12,0.045,-1.14497,5.5,5.618,883.2094438,501.794187,483.7057003
2023,1,0,0,5.75,6.071,883.0446515,500.522066,484.0484176
2023,2,0.005,0.13746,5.75,6.239,883.1016583,495.505211,484.2061995
2023,3,0.015,0.28513,5.75,5.942,882.545406,504.168166,484.3813001
2023,4,0,0,5.75,6.054,884.155236,486.37581,484.7129996
2023,5,0.02,0.11806,5.75,5.812,879.9851667,504.490789,484.8001064
2023,6,0.035,-0.69926,5.75,5.824,880.4157006,503.889876,484.9393196
2023,7,0,0.08908,5.75,5.795,884.3811321,506.537597,485.1478549
2023,8,0,0,5.75,6.365,884.6965893,509.172361,485.1305001
2023,9,0.0275,-0.17053,5.75,6.231,884.5041203,506.310123,485.3212377
2023,10,0,0,6,6.24,881.7625138,508.320399,485.4943205
2023,11,-0.015,0.01259,6,6.58,886.5133701,505.923496,485.8740512
2023,12,-0.025,0.66225,6,6.497,889.1896641,503.337478,486.2867423
2024,1,0.02,-0.30595,6,6.309,888.2938475,505.107321,486.3296251
2024,2,0,0,6,6.433,889.7834045,498.736667,486.6997383
2024,3,-0.005,0.23831,6,6.382,889.4095574,504.754565,487.2192814
2024,4,0,0,6.25,7.201,888.6575059,493.288995,487.4733857
2024,5,-0.005,0.11812,6.25,6.579,884.9476667,506.487092,487.4452007
2024,6,0.015,-0.01564,6.25,6.641,886.2707284,503.99999,487.3605217
2024,7,0.015,0.13364,6.25,6.548,888.9550915,508.376183,487.1816041
2024,8,0,0,6.25,6.418,894.5167066,508.52479,487.1533367
2024,9,-0.11,0.37888,6,6.156,892.6375383,507.841855,487.0306758
2024,10,0,0,6,6.086,893.2479249,512.983954,487.1061301
2024,11,0.015,0.01338,6,6.69,886.9857905,508.981609,487.407532
2024,12,0.02,-0.80971,6,7.03,886.5015062,507.04125,487.8485803
2025,1,0.015,-0.35946,5.75,6.652,886.9144999,500.749704,487.0872718
2025,2,0,0,5.75,6.4,874.3627323,504.15524,486.6049502
2025,3,-0.005,0.37776,5.75,6.458,878.1189969,507.260803,488.2410937
